"pop","est","sigma","xi","R_e","sig_err","intK","q10","q25","q50","q75","q90","note"
"GEV xi=0.00","MLE",1.11022718895828,-0.0347584833310237,15.5443859701846,-0.022804861607941,0.996150225799539,6.77738117555777,10.7072489088039,23.1189169717387,69.2695344111023,254.850576206652,""
"GEV xi=0.00","L-moments",1.12687142670982,-0.0502206863241512,11.1125066401446,-0.0196906663390021,1.04526347173372,5.73494809112182,7.86740247607743,13.3982188869079,29.1582755392383,75.9468920557641,""
"GEV xi=0.00","L1 (pinball) p^0",1.12295343211011,-0.0512860323436795,10.9054947913531,-0.0152215776665644,1.03089110636431,5.82573121185633,7.90179171226767,12.5318914578659,23.1436259565073,45.7256228462665,""
"GEV xi=0.00","L1 (pinball) p^2",1.11203643568683,-0.0418911231150214,13.093727660236,-0.0155891194256618,1.03710355803316,6.55600109628597,9.36052486804463,15.7551756132605,30.1734645647058,61.2675084485917,""
"GEV xi=0.00","L1 (pinball) p^6",1.0994680758702,-0.0326841333026454,16.4577599745624,-0.0160608242237748,1.03987894914516,7.51892361111085,11.7556467589715,21.3674270189179,43.0293184698681,88.9888495236903,""
"GEV xi=0.00","L1 (pinball) p^20",1.08148108263258,-0.0218915436534998,24.001861107955,-0.0167016329171684,1.03951060822537,9.65169635258735,17.6805009397379,36.9713550023524,80.6227929941484,172.939664703262,""
"GEV xi=0.00","L2 (expectile) p^0",1.11341926395765,-0.0379878814770488,14.3208701004734,-0.0214830359130021,1.06357737501661,6.54291297718744,9.98388631157238,19.7111856488789,48.0401480917312,132.684784083029,""
"GEV xi=0.00","L2 (expectile) p^1",1.10775418083559,-0.0342792122546293,15.7456021488616,-0.0212599097739697,1.06377964071073,6.91926356667982,10.9959308052458,22.4487685928484,55.6203509047208,154.644118799034,""
"GEV xi=0.00","L2 (expectile) p^2",1.1037556757179,-0.0317988639718736,16.8838247092034,-0.0211156148448883,1.06349020325006,7.22625250043823,11.8345703729924,24.7294907298356,62.0942973744104,172.88482071513,""
"GEV xi=0.00","L2 (expectile) p^4",1.09824003186975,-0.0285555825087907,18.6703505250445,-0.0209271246373169,1.06239284585963,7.72462833599049,13.1992163596131,28.6048966862978,72.8550403220136,205.598752460871,""
"GEV xi=0.00","L2 (expectile) p^6",1.09443984088674,-0.02643671598732,20.0741563902816,-0.0208001271742333,1.06137356748041,8.13326984634329,14.2981620553712,31.86683827605,82.5583764006618,233.396382224138,""
"GEV xi=0.00","L2 (expectile) p^10",1.08926499334978,-0.0236973468550766,22.2610305221936,-0.0206248440261169,1.05967436038991,8.69056584550719,16.1040331999394,37.3230887125888,98.6729204043171,280.876649385678,""
"GEV xi=0.00","L2 (expectile) p^20",1.08195019131489,-0.020100787146448,26.0370081487359,-0.0203586938992957,1.05654695436545,9.70807525107298,19.39594100345,48.0131090672731,130.940423084943,378.645687644716,""
"GEV xi=0.00","L2 smoothstep p0=0.50",1.09673767179199,-0.0278047051695172,19.1433581726559,-0.0207268662310346,1.06148110188217,7.90082575199208,13.5959290374177,29.3163086847244,73.878471694368,206.985769027202,""
"GEV xi=0.00","L2 smoothstep p0=0.80",1.0843486476723,-0.0213406358199359,24.5915848117993,-0.02027914637565,1.05707506579392,9.35035088512657,18.1528629909218,43.173330810914,112.88758565712,320.983850221411,""
"GEV xi=0.00","L2 smoothstep p0=0.90",1.07602412851468,-0.017494209044016,29.7437876718325,-0.0199543039106282,1.05308103317887,10.7386393470639,22.9198880223601,59.4025159846241,161.321736573812,463.485726984215,""
"GEV xi=0.00","L2 smoothstep p0=0.95",1.06857386705796,-0.0143771126169591,35.9410525181024,-0.0196046884062459,1.04878982093117,12.4549692859035,29.3093113833776,83.4532033783933,235.65162681037,684.939163466802,""
"GEV xi=0.00","elastile a=0.5 p^6",1.09696900184884,-0.0284422645437945,18.7401343985942,-0.0199637183575077,1.06382184012274,7.90545316165908,13.2520533712493,27.2978870913688,67.0398844116465,184.96895862226,""
"GEV xi=0.00","inv Huber k=1 p^6",1.08928403234973,-0.0240883535516204,21.9184612410488,-0.019986474490396,1.06965822171923,8.60252903469422,15.5986614034922,36.2782865742841,99.926837347151,296.967932805275,""
"GEV xi=0.00","inv Huber k=4 p^6",1.09433519800709,-0.0263717478770327,20.120762855676,-0.0208091572349972,1.06291753159176,8.14340161467158,14.3327287082174,32.0043549492647,83.2221499523449,236.948241008861,""
"GEV xi=0.00","inv Huber k=16 p^6",1.09443986505763,-0.0264367305012849,20.0741460039197,-0.0208001258828426,1.06139215774093,8.13300368007479,14.2975049575908,31.8658762153242,82.5576908543903,233.426403953849,""
"GEV xi=0.00","MWLE p^2",1.073118686836,-0.0196840908245971,26.5636705180936,-0.0130747532837836,1.01328919616936,10.4404954304647,18.0435602519943,40.629517575396,120.236629518036,421.72663359452,""
"GEV xi=0.00","MWLE p^6",1.04514571419624,-0.0104131647918839,49.1805386750429,-0.00700350002476251,1.01763538128828,18.4314151519658,33.5571521036941,77.069190197557,226.220672257759,777.799822270244,""
"GEV xi=0.00","extremile rmax=20",1.09165693863029,-0.0258700992384168,20.4885126822321,-0.0192062785493664,1.04969101037726,8.43164022742082,14.4828967425679,30.7670822663327,77.5824527244931,215.729468624434,""
"GEV xi=0.00","extremile rmax=50",1.07875407132346,-0.0192482039498624,27.1389863904999,-0.0190488189101697,1.0461723142616,10.2569497010279,19.9652389035111,47.8956268800111,130.344346172858,376.070273220608,""
"GEV xi=0.00","extremile rmax=200",1.06278733494913,-0.0124576678089915,41.2998842924373,-0.0185843062074539,1.03919345229521,14.137822819982,33.9456610078961,100.896081244091,314.304431733075,959.5951660833,""
"GEV xi=0.20","MLE",1.44018413281466,0.168692608524297,14.0129968503216,-0.0213195312615964,0.995422855901016,6.51673081927304,9.77731348683134,19.3179149345106,50.7810305295973,157.906076537239,""
"GEV xi=0.20","L-moments",1.44719968244893,0.16557466403375,12.8545743940959,-0.0219178937519396,1.03990246886279,6.17068133701784,8.98097480994305,17.0464185929292,44.0053504812859,142.604783848521,""
"GEV xi=0.20","L1 (pinball) p^0",1.44538307209019,0.161516495113924,11.6277071657095,-0.0157376554950275,1.02491713772479,6.07072447249493,8.42638569555187,13.8768064408966,26.8315366317702,56.0256327585744,""
"GEV xi=0.20","L1 (pinball) p^2",1.43301939189992,0.168878787996716,14.0895055673211,-0.0166869162857628,1.02920394947156,6.89029421294491,10.160426876341,17.6894702347637,35.4837984885245,75.5637581462084,""
"GEV xi=0.20","L1 (pinball) p^6",1.41875674689877,0.176051686453897,17.9420912901633,-0.0179968104716986,1.03051924306865,8.17655654168843,13.0453584987304,24.3633439440182,51.1127207520002,110.97591482825,""
"GEV xi=0.20","L1 (pinball) p^20",1.39816899112336,0.18442007070775,26.917049317058,-0.020245603411077,1.02899510167267,10.9483882373052,20.606172172005,43.7806971915523,98.1340870535962,219.214100056155,""
"GEV xi=0.20","L2 (expectile) p^0",1.42643565990239,0.176941182017376,18.5867658077045,-0.0248257891684654,1.05240685833255,7.63181048223702,13.2229648678283,31.1033337640318,94.4706221011248,335.160430611745,""
"GEV xi=0.20","L2 (expectile) p^1",1.41972245948884,0.179492593392154,20.7460385502537,-0.0248972728081966,1.05092064719295,8.29357527806004,14.9710476984523,36.3668768041367,112.025327192886,401.785358046121,""
"GEV xi=0.20","L2 (expectile) p^2",1.41502383665133,0.181179910488266,22.4954882811784,-0.0249801199399919,1.04949527599751,8.79511833091953,16.4555473407661,40.9543028307,127.859578107606,459.899181601781,""
"GEV xi=0.20","L2 (expectile) p^4",1.40858877502482,0.183363659209038,25.2862857921503,-0.0251330154224849,1.04732362522739,9.63845859505669,18.9427583684008,48.8179987100356,155.051369203716,561.692445599415,""
"GEV xi=0.20","L2 (expectile) p^6",1.40418527660895,0.184775678295585,27.5168940653977,-0.0252614595470967,1.04558093142649,10.3260900927849,21.0194770843627,55.6477192343811,178.485169355188,649.433577320766,""
"GEV xi=0.20","L2 (expectile) p^10",1.39822828145424,0.186582485470052,31.0557113920768,-0.0254627147599279,1.04317029479016,11.3738545686329,24.5551013913644,67.5148826840773,220.337969718352,808.451739908433,""
"GEV xi=0.20","L2 (expectile) p^20",1.38988855432111,0.188918267456629,37.3403956405604,-0.0257904952225408,1.03923517008984,13.3340561815673,31.3416285506762,91.6779540995715,308.425738451019,1145.00224610647,""
"GEV xi=0.20","L2 smoothstep p0=0.50",1.40722608861347,0.183738372477922,25.8404819324003,-0.0250165379032259,1.04640752705061,9.87372723045128,19.4737062312014,49.5275536140371,155.122837693545,558.155958406474,""
"GEV xi=0.20","L2 smoothstep p0=0.80",1.39307178060517,0.187985605661267,34.5379425399224,-0.025480093921631,1.040298094613,12.5621826091241,28.2580842857186,78.473020433786,253.50778052743,924.462563874738,""
"GEV xi=0.20","L2 smoothstep p0=0.90",1.38366205737966,0.190462744469692,43.1864287258133,-0.0258935673104853,1.0356292180252,15.2992442153267,38.4824284420462,115.121380021826,382.34910916231,1407.73339789589,""
"GEV xi=0.20","L2 smoothstep p0=0.95",1.3753368170982,0.192428903132477,54.0790257148342,-0.0263059804141522,1.03114020309372,18.9681043460537,53.361205721576,173.72681965103,593.899597295205,2208.51850196555,""
"GEV xi=0.20","elastile a=0.5 p^6",1.40618589216769,0.183953260863616,26.1699733378447,-0.0247753506146917,1.04854006003334,10.0373161117895,19.5447051708804,49.3522080006493,156.174339622376,567.557836350736,""
"GEV xi=0.20","inv Huber k=1 p^6",1.39212198319358,0.188137692883516,34.9648657277835,-0.0252218175816222,1.05273885711299,12.5162038578862,27.6828506620316,82.6485919069676,305.847570661445,1244.92055511441,""
"GEV xi=0.20","inv Huber k=4 p^6",1.40191673633252,0.18560987729275,29.0403514361033,-0.0256506345034087,1.05171185835045,10.6853858570875,22.4248497660686,62.3983526457991,216.049470190079,852.309751692489,""
"GEV xi=0.20","inv Huber k=16 p^6",1.40417561837639,0.184779162777967,27.5229103809863,-0.0252628255848756,1.04562050441691,10.3277156200945,21.0256791939377,55.6777794826592,178.701965244812,650.964455459719,""
"GEV xi=0.20","MWLE p^2",1.39646120842764,0.182179693195991,23.6883326352368,-0.0141037687916119,1.0101833930639,9.95373759543108,16.3659711716055,34.1539441324205,90.5041200363147,279.901458704223,""
"GEV xi=0.20","MWLE p^6",1.35937184436582,0.190541146709928,43.5341011076665,-0.00872902560169609,1.01316775854837,17.417823806213,30.2582359628792,64.774058940696,172.738342297786,530.856574382746,""
"GEV xi=0.20","extremile rmax=20",1.40630973532611,0.183161848277868,24.9980267215543,-0.023111790947137,1.03695550951869,9.91682460480519,18.3097681570617,43.0055199534303,125.724657002297,427.642090185218,""
"GEV xi=0.20","extremile rmax=50",1.39136997497366,0.187885744566619,34.2634521276216,-0.0240225143956266,1.03246967547479,12.7788225200402,26.935843357954,70.8129762390129,219.344985514647,767.156800090908,""
"GEV xi=0.20","extremile rmax=200",1.37287358822706,0.192661455201477,55.7533462946989,-0.0253559357846749,1.02508588581132,19.8397526525043,52.3286543673263,166.95860821607,573.346955939373,2066.63764429938,""
"GEV xi=0.45","MLE",1.98848558503145,0.425727440903825,12.7366729909102,-0.0176333499966644,0.991019065549122,6.26292826499142,9.07782465090736,16.8099922225533,40.1161596199874,110.973587602804,""
"GEV xi=0.45","L-moments",1.98135751635409,0.432012052645562,16.7027086001,-0.0248580939602015,1.03005672923733,7.13419629397969,11.7489059909256,28.1120285175721,105.397805385736,558.16610224874,""
"GEV xi=0.45","L1 (pinball) p^0",1.98380409929302,0.425896575472414,12.8163749801312,-0.0155686642077299,1.01823947533886,6.51737567890164,9.30512890156782,16.2264364711536,33.9719078934225,77.9071009369242,""
"GEV xi=0.45","L1 (pinball) p^2",1.97048613367919,0.4308136288548,15.7462852641774,-0.0171783740982105,1.02075709880966,7.4883335397912,11.4717707101166,21.1486427334189,45.626869810087,106.600390619782,""
"GEV xi=0.45","L1 (pinball) p^6",1.95519559951249,0.435556357214162,20.45874544704,-0.0195149800357217,1.02095575990766,9.14673434308872,15.2502924746306,29.9316340656013,67.202865204162,159.458358144443,""
"GEV xi=0.45","L1 (pinball) p^20",1.93316341071619,0.441030471046287,32.0858914437478,-0.0239740020481122,1.0188940492597,13.3006978660026,25.8212209898764,56.5416224602962,133.68358256442,323.889103100877,""
"GEV xi=0.45","L2 (expectile) p^0",1.94804187597735,0.440772007561979,31.2268109182127,-0.0305594548069154,1.03232210112739,11.2228194196199,25.7044261766648,88.5646752122178,439.125956293556,2719.67051577542,""
"GEV xi=0.45","L2 (expectile) p^1",1.94072818918876,0.442009647199417,35.844384409283,-0.0312500260045271,1.02871440277565,12.7858263334355,30.7355278994433,108.881231655965,544.924363584052,3357.46683398718,""
"GEV xi=0.45","L2 (expectile) p^2",1.93570973414637,0.442811666789114,39.6854302419726,-0.0318115289720656,1.02677168816248,14.0752168535181,35.2024176065869,127.539421815571,643.509363426727,3970.45304555452,""
"GEV xi=0.45","L2 (expectile) p^4",1.92896589484748,0.4438298132897,45.9995763461307,-0.0326883084669233,1.02363289756625,16.3359497995046,43.1373566024802,161.044612005474,821.688437803863,5073.10963535989,""
"GEV xi=0.45","L2 (expectile) p^6",1.92443852903018,0.444475453448732,51.209176159765,-0.033362640614097,1.02178622003576,18.2453783055339,50.2580393078597,191.731980769923,987.957522158042,6107.01880074491,""
"GEV xi=0.45","L2 (expectile) p^10",1.91843307210963,0.445285479820687,59.7629206485486,-0.0343754002290332,1.01809477563449,21.5159352729387,62.8851859855042,247.058081827596,1283.38473128955,7884.8937120012,""
"GEV xi=0.45","L2 (expectile) p^20",1.91027553672912,0.446301807026137,75.7945898104948,-0.0359991276853983,1.01324369784465,28.154945446217,90.1893871552006,369.735017322816,1946.49689754813,11860.6198779771,""
"GEV xi=0.45","L2 smoothstep p0=0.50",1.92818614964605,0.443912905495624,46.6080870446066,-0.0326646657505169,1.02303353075442,16.6437274471118,43.5482458182376,158.875137472187,798.602187146232,4888.80316536094,""
"GEV xi=0.45","L2 smoothstep p0=0.80",1.91411307045593,0.445807756740967,67.0305754757447,-0.0350386386845143,1.01609234282453,24.6856150059245,74.1115397869829,285.663848227241,1461.97242764746,8890.46902818836,""
"GEV xi=0.45","L2 smoothstep p0=0.90",1.90514155554542,0.446869708753227,89.2860218790369,-0.0370429538459591,1.00989489387862,34.4306297140883,115.613367279341,465.359086821596,2396.32826505226,14322.1171245349,""
"GEV xi=0.45","L2 smoothstep p0=0.95",1.89754982035245,0.447677871135995,119.861764159116,-0.03912920085605,1.00376648231576,49.9156001102078,186.610226459334,783.331404532195,4058.9032293477,23720.5948140941,""
"GEV xi=0.45","elastile a=0.5 p^6",1.92531249450386,0.444332251118747,49.9512776506751,-0.0331292457635629,1.02249498088415,17.7807211463661,47.7529236314021,179.839134899854,926.865843110322,5711.24807250305,""
"GEV xi=0.45","inv Huber k=1 p^6",1.89653579753311,0.447894254342512,132.031337185555,-0.0403997467064733,0.989312844034714,50.0037688867821,202.130402532272,1240.4476560064,10034.1575382631,75669.8238219754,""
"GEV xi=0.45","inv Huber k=4 p^6",1.9120260461775,0.446405904132009,77.9484745480677,-0.0375209264114447,1.0090026152388,27.6604703220056,97.2904391243907,533.587259240576,4195.72552911099,34502.5913145391,""
"GEV xi=0.45","inv Huber k=16 p^6",1.91825057495062,0.445529646498457,62.9492257697356,-0.0355843960323614,1.02000951774362,21.9884294039241,68.2578719719953,324.68068445715,2374.76804188995,20047.2955770598,""
"GEV xi=0.45","MWLE p^2",1.94085601708195,0.43611727092568,21.2287437785936,-0.0136369056649356,1.00432940034365,9.45365598312272,14.9671117726988,29.3326785719568,71.602987074046,199.916459612638,""
"GEV xi=0.45","MWLE p^6",1.89450937988276,0.442613934734322,38.6609933051498,-0.0099610720770556,1.02022467178267,16.607801981983,27.6151687865463,56.3918860804155,143.350015683914,441.211023931053,""
"GEV xi=0.45","extremile rmax=20",1.93672963249758,0.441815240350044,35.0266446745007,-0.0285369823650379,1.020197847453,13.2948566488368,28.0108261045122,80.4932592150951,326.343450125485,1744.51054710972,""
"GEV xi=0.45","extremile rmax=50",1.92108035673662,0.444375059009862,50.3205946174167,-0.031199472607891,1.01449676618936,18.9695781675823,45.5559296436369,142.642316687216,598.697060875751,3187.29888007691,""
"GEV xi=0.45","extremile rmax=200",1.9026401642411,0.446848174345197,88.6857592121627,-0.0356319366561258,1.00514881814957,36.1761642683366,107.739485006787,386.697183357651,1695.20439228006,8887.99938324475,""
"LP3 a=0.6 b=0.20","MLE",0.186371078288786,0.223479913389126,13.8317303999521,0.0168032793276398,0.986291360115577,6.6569274753665,9.82492011918861,18.7255748374574,46.4605980857957,136.804788533696,""
"LP3 a=0.6 b=0.20","L-moments",0.185970427868355,0.223984774000102,13.568227962788,0.0182740855148699,0.95224398035454,6.52565936524145,9.54122558738047,18.2809517870222,47.2656590775253,154.039025484518,""
"LP3 a=0.6 b=0.20","L1 (pinball) p^0",0.18609355283285,0.22752118744254,11.9887860556827,0.0129033939120936,0.965476748061377,6.41472840242088,8.88758960218115,14.7232897148165,28.7748087380873,61.5508601453371,""
"LP3 a=0.6 b=0.20","L1 (pinball) p^2",0.1873349532258,0.222062634051195,14.6341636094706,0.0136485073717665,0.969552771101001,7.39031937315066,10.8751782902737,18.9014732547074,37.9929969346546,82.78928740571,""
"LP3 a=0.6 b=0.20","L1 (pinball) p^6",0.188797926130463,0.216677832261597,18.8676435051473,0.0147162565207923,0.971957838747923,9.00875087415283,14.2287512927806,26.307392175435,54.905263949223,120.760856061424,""
"LP3 a=0.6 b=0.20","L1 (pinball) p^20",0.191002286101039,0.210212569751504,29.1797671100326,0.0166548451353092,0.974509138894714,12.7847987677641,23.086863320064,47.5315305004737,105.103201482071,236.326781432397,""
"LP3 a=0.6 b=0.20","L2 (expectile) p^0",0.188188419351475,0.215267147303058,20.4381766344771,0.0206881256350484,0.951913462531094,8.40297779921578,14.6963040144818,34.6765810609514,105.479707698405,376.468652030187,""
"LP3 a=0.6 b=0.20","L2 (expectile) p^1",0.188882221712503,0.213393371619935,22.9899088817917,0.0207579293583445,0.954515732147405,9.21693191918812,16.7795378093045,40.6214278075307,125.128668688344,448.286298718173,""
"LP3 a=0.6 b=0.20","L2 (expectile) p^2",0.1893734543502,0.21214172281803,25.0854831510808,0.0208436287628019,0.956179853425469,9.9268690370287,18.5421125146881,45.7374840942778,141.853678504883,510.822406235596,""
"LP3 a=0.6 b=0.20","L2 (expectile) p^4",0.190055475140021,0.210502596834091,28.4820943441351,0.0210083141259788,0.958408604220643,10.9974623008211,21.4886578479924,54.6178222349624,171.751531983348,622.114102667986,""
"LP3 a=0.6 b=0.20","L2 (expectile) p^6",0.190529381356277,0.209428491061381,31.2449273246668,0.0211519090698542,0.959901834106962,11.888474748737,23.999559035596,62.2745114840353,198.213392080274,720.20143108818,""
"LP3 a=0.6 b=0.20","L2 (expectile) p^10",0.191181328764441,0.208033899103772,35.7157990775401,0.0213859419843337,0.961880512004387,13.3096378182405,28.1284261128469,75.4723221554057,243.876949838704,891.147128119151,""
"LP3 a=0.6 b=0.20","L2 (expectile) p^20",0.192118705043087,0.206188776128068,43.91879820719,0.0217918052141247,0.964718743943078,15.8965955502139,36.1841335426322,102.338084766532,337.560050962433,1244.94748037571,""
"LP3 a=0.6 b=0.20","L2 smoothstep p0=0.50",0.190189786233969,0.210245566504937,29.0987056004213,0.0209166336422969,0.959299796391437,11.2831840677379,22.0572823938674,55.2685323764347,171.472975256851,617.182926647076,""
"LP3 a=0.6 b=0.20","L2 smoothstep p0=0.80",0.191741662494643,0.206962476267505,40.0807657299082,0.0214607958146825,0.964040013467182,14.8051523905765,32.4789276669153,87.2829020345054,277.770839065462,1006.32267122731,""
"LP3 a=0.6 b=0.20","L2 smoothstep p0=0.90",0.192825110889107,0.204962646440506,51.6444817325756,0.021992035680222,0.967251459657705,18.4007256549477,44.473359881914,127.578628063363,415.351690874921,1519.51451230126,""
"LP3 a=0.6 b=0.20","L2 smoothstep p0=0.95",0.193827386133382,0.203311623511784,67.0801937128439,0.0225802476600957,0.970215326494315,23.1721207826655,61.9832142408998,191.400070890965,639.582438515122,2357.98790295605,""
"LP3 a=0.6 b=0.20","elastile a=0.5 p^6",0.18958060016284,0.212483530352875,24.4761778661975,0.0189663348029537,0.955050891031182,10.4057992061611,17.9826406202557,39.112361694177,109.506657676026,376.580903918811,""
"LP3 a=0.6 b=0.20","inv Huber k=1 p^6",0.191983475832798,0.206551801253758,42.0349304864834,0.021400339258507,0.954498093295611,15.071467894142,33.1533322249984,97.4429484492924,357.588841995648,1460.4262334155,""
"LP3 a=0.6 b=0.20","inv Huber k=4 p^6",0.190838090753295,0.208623848161399,33.6821029438626,0.0216120326442388,0.954864479770083,12.4749025682076,26.0019158166914,71.5466016833057,248.500500535038,982.961306494157,""
"LP3 a=0.6 b=0.20","inv Huber k=16 p^6",0.190533271838656,0.209418449620352,31.2732254106288,0.0211568796221268,0.958830488102184,11.8939078491389,24.0224512073606,62.3757369724348,198.818772389376,724.634345861872,""
"LP3 a=0.6 b=0.20","MWLE p^2",0.190977522968057,0.212503491131678,24.4415080207958,0.0114692279555852,0.990573753646785,10.6799634337693,17.0844446563592,34.5667450304941,88.5833165111439,264.713957150221,""
"LP3 a=0.6 b=0.20","MWLE p^6",0.195152888526636,0.205663733025528,46.9428452484731,0.00753357753410077,0.988329638374834,19.1468352527331,31.8822952279986,66.5619265392,173.464130330033,521.829926388095,""
"LP3 a=0.6 b=0.20","extremile rmax=20",0.190180728788739,0.2109480147887,27.4723195495376,0.0192648504760447,0.967078024758571,11.1861200817708,20.3221561046155,46.7569109260162,135.068825866602,457.838079417224,""
"LP3 a=0.6 b=0.20","extremile rmax=50",0.191838778060222,0.207216230745326,38.9575552948776,0.0202012170917655,0.970545005458402,14.8697380812192,30.3618854066895,77.2339148078545,235.522819560579,810.709664632422,""
"LP3 a=0.6 b=0.20","extremile rmax=200",0.194052013535663,0.203202400270936,68.4017685793186,0.0218125926409684,0.975007996401079,23.953198768151,59.7488401683694,181.596257275246,608.255380709966,2169.7912611728,""
"LP3 a=1.6 b=0.20","MLE",0.379503631172866,0.192237676257588,14.2229453681438,-0.00870967853373671,0.994132405109385,6.56017569927103,9.77807811115112,19.05504450972,49.0095412042678,149.627238066465,""
"LP3 a=1.6 b=0.20","L-moments",0.38011176354683,0.191426498128423,13.411478983632,-0.00916493445469007,1.01065951171117,6.297485946839,9.20472167083533,17.6040880198195,45.7339593412274,150.213284055422,""
"LP3 a=1.6 b=0.20","L1 (pinball) p^0",0.379968272718846,0.189611078471531,11.9097496039465,-0.00646244003607476,1.0048493973942,6.18532673005645,8.59382558729286,14.2003285679875,27.6065066513222,57.9967261321263,""
"LP3 a=1.6 b=0.20","L1 (pinball) p^2",0.378656035530054,0.192522460471337,14.5331503932706,-0.00690381301388335,1.00930564570244,7.05604289122882,10.415646465451,18.1479289182698,36.4691107023125,78.5225730020479,""
"LP3 a=1.6 b=0.20","L1 (pinball) p^6",0.377111901170425,0.195406554490986,18.7156853467158,-0.00753077741086739,1.01142222164211,8.44548680384939,13.4575421967165,25.0922057693721,52.6280882586867,114.683075866283,""
"LP3 a=1.6 b=0.20","L1 (pinball) p^20",0.374798952447505,0.198879840946809,28.8170830333033,-0.00867152850469834,1.0121569200863,11.5228581183189,21.4467387797589,45.1679119715713,100.9590724308,226.553241796972,""
"LP3 a=1.6 b=0.20","L2 (expectile) p^0",0.377802032648108,0.196065947855073,20.0478740918233,-0.0105600549454579,1.01947678561973,7.92587043841933,13.8276662982465,32.8110161979506,100.679891909117,362.090623697747,""
"LP3 a=1.6 b=0.20","L2 (expectile) p^1",0.377067201670888,0.197087599205018,22.5393069959183,-0.0106488395067578,1.01964402982196,8.6249913773321,15.7266220980603,38.3758092192011,119.478808691737,431.960856401445,""
"LP3 a=1.6 b=0.20","L2 (expectile) p^2",0.376547865657609,0.197769487292572,24.5792224054577,-0.0107297498740422,1.01952677196196,9.19329823410679,17.3051524098326,43.2738626890637,135.980635825994,495.15123877018,""
"LP3 a=1.6 b=0.20","L2 (expectile) p^4",0.375828840045278,0.198661036753292,27.8719660777397,-0.0108648156518811,1.01911808228302,10.157533766631,19.9984861708289,51.6648991980859,165.045100581214,604.811252761502,""
"LP3 a=1.6 b=0.20","L2 (expectile) p^6",0.375331053938328,0.199243881470761,30.5365353517825,-0.0109730531186986,1.01869739988189,10.8680349570175,22.2267758170176,58.8792382388815,190.52858990127,700.970989033745,""
"LP3 a=1.6 b=0.20","L2 (expectile) p^10",0.374649420179776,0.199998223615218,34.8199230890122,-0.0111395990397255,1.01799697948189,12.0702993393804,26.0081956034861,71.4876425468462,235.166518939136,871.281479671606,""
"LP3 a=1.6 b=0.20","L2 (expectile) p^20",0.373677645292563,0.20099008833462,42.5801464553681,-0.011411153692408,1.01673658015483,14.2133112085648,33.3305915144494,97.2713541464763,327.965281201633,1227.51984816395,""
"LP3 a=1.6 b=0.20","L2 smoothstep p0=0.50",0.375684838527444,0.198803886621953,28.4819627366307,-0.0108262126525659,1.01886710914476,10.387823582234,20.5231003911883,52.3417847874718,164.916662653293,600.43270741039,""
"LP3 a=1.6 b=0.20","L2 smoothstep p0=0.80",0.374062589270085,0.200579844111392,39.0027039749781,-0.0112157251395894,1.01710517821008,13.328804798268,30.0450269411423,83.0000500663676,268.892352759798,989.702746130802,""
"LP3 a=1.6 b=0.20","L2 smoothstep p0=0.90",0.372948195825407,0.201648361220136,49.8269706843286,-0.0115576753219655,1.01547384451712,16.3812379204171,40.9582728181673,121.876703315946,405.680926966727,1506.68296995281,""
"LP3 a=1.6 b=0.20","L2 smoothstep p0=0.95",0.37193659672987,0.202517099427186,63.8408059169371,-0.0119111869548475,1.01364890323715,20.4352092706121,57.138109153103,183.970789586287,629.657016780672,2358.8073559798,""
"LP3 a=1.6 b=0.20","elastile a=0.5 p^6",0.376012001119512,0.19817506474629,25.9764258890853,-0.0102219369899188,1.0211895033984,9.9843777184926,18.2029399717346,42.5483055773674,128.369186582334,462.68457878855,""
"LP3 a=1.6 b=0.20","inv Huber k=1 p^6",0.373876466015959,0.200734563044369,40.2822114940234,-0.0111744366671511,1.02229726457263,13.4334280095946,30.0500447233142,90.1449105665313,336.91606433859,1398.83336697147,""
"LP3 a=1.6 b=0.20","inv Huber k=4 p^6",0.375031016055956,0.199647621615453,32.693043924418,-0.0112143547009976,1.02145339017063,11.3212541741238,23.974215573112,67.131515677203,236.193817964243,946.328483816885,""
"LP3 a=1.6 b=0.20","inv Huber k=16 p^6",0.375329906039834,0.199245393428128,30.5440941115287,-0.0109738160197076,1.01870608989995,10.8696156277094,22.2327248522244,58.9086079621815,190.728912287016,702.679853333492,""
"LP3 a=1.6 b=0.20","MWLE p^2",0.37474344204485,0.197799773842145,24.6783881428781,-0.00603280891317316,1.00482606002132,10.2080229295593,16.5730551810297,34.1778607233575,89.4493329274604,272.629460322551,""
"LP3 a=1.6 b=0.20","MWLE p^6",0.370472863334097,0.201359791038649,46.3824678308642,-0.00401449034834617,1.00627400129639,17.9795847531711,30.7430838860236,65.1441555654278,172.159283876804,523.974192335029,""
"LP3 a=1.6 b=0.20","extremile rmax=20",0.375663764608995,0.198464523251423,27.0735930449607,-0.00996895648550333,1.01502810913117,10.3665768483754,19.0923008763076,44.6935065760339,130.985375203336,449.740861443985,""
"LP3 a=1.6 b=0.20","extremile rmax=50",0.373942518943519,0.200461580704518,38.0760217321829,-0.0105588208838235,1.01378135719683,13.4648460257279,28.2340142771768,73.7329914671111,228.921716289718,801.465741740459,""
"LP3 a=1.6 b=0.20","extremile rmax=200",0.371707578161189,0.202569578985976,64.9247081498702,-0.011498586088358,1.0109113890595,21.1615400736888,55.2302223531263,174.177739204527,596.78764836197,2162.94819299422,""
"LP3 a=0.6 b=0.45","MLE",0.509075628381725,0.442490420338284,11.4727516547639,0.0109793502001189,0.989935254301963,6.37811410291268,9.18823545140626,16.8609247485912,39.9219218064488,111.427125225459,""
"LP3 a=0.6 b=0.45","L-moments",0.510082777147419,0.439144764844106,13.9216334563948,0.0139835940225628,0.978300904555607,7.30872875706551,11.9774912687748,28.1710703999285,102.282247831851,518.7693352991,"2 crossings"
"LP3 a=0.6 b=0.45","L1 (pinball) p^0",0.510075143788696,0.441826626800351,11.8699132000976,0.00990787076044695,0.981280901707626,6.6906210707889,9.57268872293954,16.6783057862467,34.917263362781,80.7918055213184,"2 crossings"
"LP3 a=0.6 b=0.45","L1 (pinball) p^2",0.512182316179322,0.438844768005855,14.2106673775306,0.0103304299817977,0.98628310181478,7.8169403484263,11.8744274142931,21.7461779353771,46.688066516911,109.415262160229,"2 crossings"
"LP3 a=0.6 b=0.45","L1 (pinball) p^6",0.514411964431836,0.436204227341362,17.6354842336759,0.0108954295138746,0.990184925929101,9.66605375991756,15.8750491492061,30.7571515129915,68.5266385508734,162.458380125026,"2 crossings"
"LP3 a=0.6 b=0.45","L1 (pinball) p^20",0.517127389453839,0.433634144647197,24.1564464240888,0.0116574837786933,0.995215972993116,14.157815267247,26.8297912392984,57.6994415225085,134.961027659256,325.382156893158,"2 crossings"
"LP3 a=0.6 b=0.45","L2 (expectile) p^0",0.514033069803492,0.435067977553489,19.8979693254829,0.0141404191209803,0.989130401158484,11.5581861268402,25.8108199402697,85.6416288033517,407.004258416917,2412.75811572107,"2 crossings"
"LP3 a=0.6 b=0.45","L2 (expectile) p^1",0.514844083427052,0.43453795086573,21.2354552446197,0.0138072650881366,0.991789441394686,13.1626265712873,30.7559396139839,104.785741132142,503.736144739275,2990.69035743355,"2 crossings"
"LP3 a=0.6 b=0.45","L2 (expectile) p^2",0.515347328212142,0.43422742078388,22.1333136891749,0.0135917508691372,0.993549974875184,14.4960519758746,35.0756530807868,121.996504059885,591.861083932281,3520.57038990655,"2 crossings"
"LP3 a=0.6 b=0.45","L2 (expectile) p^4",0.515941478642782,0.433880759966325,23.2596647187049,0.0133214299609104,0.995770658927148,16.7612560027128,42.6832851887004,152.819520088064,749.958976919374,4461.41934403607,"2 crossings"
"LP3 a=0.6 b=0.45","L2 (expectile) p^6",0.516277692361982,0.43369532056704,23.9257200559338,0.0131566209517871,0.997209306687182,18.680865336295,49.4259318880683,180.559018076328,893.859762083968,5320.67224830722,"2 crossings"
"LP3 a=0.6 b=0.45","L2 (expectile) p^10",0.516628883320975,0.433511371903785,24.637352206053,0.0129702334733306,0.998937953141484,21.8778294667108,61.3131317827674,230.882502675755,1155.45102382845,6863.74299210789,"2 crossings"
"LP3 a=0.6 b=0.45","L2 (expectile) p^20",0.516884091424186,0.43338509237219,25.1587241706868,0.0128217802647472,1.00097723635821,28.2246840043279,86.3745457934353,340.367173864535,1731.05942748318,10234.7097655005,"2 crossings"
"LP3 a=0.6 b=0.45","L2 smoothstep p0=0.50",0.516088186913678,0.433809298626317,23.5106242803613,0.0132228897978473,0.996082606818941,17.0931455734171,43.1135698390164,150.949878739021,730.122378640091,4319.7424325885,"2 crossings"
"LP3 a=0.6 b=0.45","L2 smoothstep p0=0.80",0.516927135643196,0.433370353095309,25.2214576621672,0.0127788752111113,1.00021088237197,24.9580293719119,71.7626465254468,265.549774221079,1305.54759281796,7680.30614827714,"2 crossings"
"LP3 a=0.6 b=0.45","L2 smoothstep p0=0.90",0.517018477421447,0.433324777182233,25.4180377808556,0.0127285594953035,1.00215217648661,34.1350001976065,109.736596489572,425.908068134828,2121.77322232792,12354.1365928682,"2 crossings"
"LP3 a=0.6 b=0.45","L2 smoothstep p0=0.95",0.516659978686346,0.433465066721928,24.8252599841077,0.0130376048533324,1.0029070995474,48.1993452096444,173.44898412537,706.290461815002,3549.0815257762,20322.8956766784,"2 crossings"
"LP3 a=0.6 b=0.45","elastile a=0.5 p^6",0.516223961937074,0.433772263815274,23.6434553818856,0.013055244704617,0.995703050120036,17.1571873926269,41.7974914270935,146.429347155068,722.70902756605,4333.8120431791,"2 crossings"
"LP3 a=0.6 b=0.45","inv Huber k=1 p^6",0.515765284891558,0.433976103365557,22.9353427998865,0.0134171385058788,0.993043315802477,46.42936858541,175.184000531635,1001.22913316382,7664.29698918182,57416.2465082477,"2 crossings"
"LP3 a=0.6 b=0.45","inv Huber k=4 p^6",0.515914982669544,0.433913152194512,23.1481607372635,0.0132880808805324,0.994382751390996,26.8584840324556,88.7785978102947,452.814518760573,3327.57005128795,26488.7835021295,"2 crossings"
"LP3 a=0.6 b=0.45","inv Huber k=16 p^6",0.516009633492446,0.433866132007617,23.3104735107049,0.0132262545422904,0.995183142068211,21.745053890579,63.6315737610222,280.340141839258,1891.78143363989,15221.4608387747,"2 crossings"
"LP3 a=0.6 b=0.45","MWLE p^2",0.516709224221924,0.435922644956549,18.1342375826376,0.00699279810905958,0.998623211179448,9.91250025587042,15.4682443530606,30.036924692035,73.0996602854968,207.084363446329,"2 crossings"
"LP3 a=0.6 b=0.45","MWLE p^6",0.522709297573044,0.432659849620229,28.8297698782389,0.00365571214092627,0.999626262379184,17.2978840965327,28.302892781721,56.8304927701158,140.34327020761,399.107877948074,"2 crossings"
"LP3 a=0.6 b=0.45","extremile rmax=20",0.516074071931422,0.43405381733338,22.6794346047637,0.0126088519952276,0.993555090442348,13.8510891915119,28.5138918738763,79.7359727653732,313.447114089732,1614.28117376595,"2 crossings"
"LP3 a=0.6 b=0.45","extremile rmax=50",0.517477730757831,0.433179561769751,26.0719658911556,0.012244579176522,0.996953657734366,19.725390461846,45.8971710224556,139.732257503879,569.295202494421,2936.37918534218,"2 crossings"
"LP3 a=0.6 b=0.45","extremile rmax=200",0.518080592571537,0.43285918699991,27.6845648763986,0.012011531883946,0.999463130764133,36.4807601586623,105.444755854517,370.623139152387,1582.34514342505,8114.70507946369,"2 crossings"
"LP3 a=1.6 b=0.45","MLE",1.48712750082664,0.477187196808012,8.93689748896698,-0.00238626155164817,0.990252147298685,6.2918926050123,9.061680707841,16.5957648959128,39.1974981590317,109.433811299677,"2 crossings"
"LP3 a=1.6 b=0.45","L-moments",1.48752216120717,0.476796192513376,8.55146815742654,-0.00228081972828777,0.986696164571345,7.45889114203694,12.5684050529347,31.1635932433004,123.065236643323,689.030197433364,"2 crossings"
"LP3 a=1.6 b=0.45","L1 (pinball) p^0",1.48618163684916,0.477646598064756,9.47094484668508,-0.00222087382299303,0.994556739829116,6.68246460807616,9.63665924102317,17.0002818398925,36.0719532900242,84.7593063343126,"2 crossings"
"LP3 a=1.6 b=0.45","L1 (pinball) p^2",1.48523482350702,0.478109421650501,10.131885100139,-0.0021018174521707,0.996499870269454,7.80920033796569,11.9889295799193,22.2537059089837,48.6426478278752,115.495591116061,"2 crossings"
"LP3 a=1.6 b=0.45","L1 (pinball) p^6",1.48486699161482,0.478273016606506,10.405392259822,-0.00204950914696364,0.996374383540758,9.70351583003178,16.1219488172127,31.7244608800206,71.6138722574613,172.43880558685,"2 crossings"
"LP3 a=1.6 b=0.45","L1 (pinball) p^20",1.48634082046722,0.477844951563685,9.73631718840842,-0.00254332533739684,0.994269924356534,14.5298853523021,27.8190881834702,60.4607657805422,143.043979176919,350.908417813063,"2 crossings"
"LP3 a=1.6 b=0.45","L2 (expectile) p^0",1.49082117058198,0.475943997015793,7.86676676186266,-0.00376210917377372,0.978669235363541,12.6675660117615,30.1785923978424,109.035101103429,572.588163684998,3717.36469729992,"2 crossings"
"LP3 a=1.6 b=0.45","L2 (expectile) p^1",1.49187901893999,0.475734843314353,7.72361236757134,-0.00430475627159371,0.9772901849858,14.5907537657456,36.4908540989149,135.2321333873,717.008158377343,4655.75390169514,"2 crossings"
"LP3 a=1.6 b=0.45","L2 (expectile) p^2",1.49284251812625,0.475553888061534,7.60616273966396,-0.00480995016856064,0.97578058445262,16.2964056680328,42.1111540684748,158.918648055407,845.678906423281,5477.68323376096,"2 crossings"
"LP3 a=1.6 b=0.45","L2 (expectile) p^4",1.49450501690776,0.475258272341184,7.42581145459658,-0.00570058816032155,0.973813411525495,19.2291487361474,52.186836359919,201.875255755157,1083.27406643927,6975.48718981213,"2 crossings"
"LP3 a=1.6 b=0.45","L2 (expectile) p^6",1.49590172533141,0.475023074088431,7.29152640655318,-0.00646354535123456,0.972652775533742,21.7161917895854,61.2988462867059,241.301725525151,1301.62358702297,8385.37663432939,"2 crossings"
"LP3 a=1.6 b=0.45","L2 (expectile) p^10",1.4981774494375,0.474660485671408,7.09863798133496,-0.00772890838769376,0.970335487064549,26.1176336251558,77.5910385120216,312.889810470021,1699.30034191488,10830.1958052237,"2 crossings"
"LP3 a=1.6 b=0.45","L2 (expectile) p^20",1.50225040555183,0.474061586837044,6.81223600639347,-0.0100441003523817,0.966787767663077,35.1847658438427,113.141266864936,471.762369233247,2579.57920934804,16209.0157121258,"2 crossings"
"LP3 a=1.6 b=0.45","L2 smoothstep p0=0.50",1.49433480468598,0.475296658386878,7.44847376814741,-0.00561490413577763,0.974148239276944,19.6099324230623,52.468390778987,198.267843841537,1048.13746385964,6727.2200442985,"2 crossings"
"LP3 a=1.6 b=0.45","L2 smoothstep p0=0.80",1.49955946099598,0.474465542033109,7.00131397206841,-0.00851757362866912,0.969690405007834,30.2988030256642,91.3768423314698,359.808246957608,1916.49524919814,12094.0016240944,"2 crossings"
"LP3 a=1.6 b=0.45","L2 smoothstep p0=0.90",1.5048415363464,0.473724326277741,6.66602125410341,-0.0115512447180783,0.965221084724711,43.7450165953631,145.039339151464,590.014816808022,3146.93108486951,19390.5522419795,"2 crossings"
"LP3 a=1.6 b=0.45","L2 smoothstep p0=0.95",1.51118865711401,0.472924336686721,6.35493688455931,-0.0152715159679459,0.960559443922856,65.6887855593104,238.096661262575,998.57262280601,5327.26321757995,31830.6062163245,"2 crossings"
"LP3 a=1.6 b=0.45","elastile a=0.5 p^6",1.49526079733047,0.475127848458326,7.35039866447886,-0.00611069009478879,0.972745028458158,21.0433627988843,57.6358449180715,224.24877701924,1211.64102532953,7824.65977329277,"2 crossings"
"LP3 a=1.6 b=0.45","inv Huber k=1 p^6",1.52075452546521,0.471456121191789,5.8851822435883,-0.0207911127302828,0.899724093056955,82.3464163115839,348.018292609055,2252.86919676705,18783.6918899591,132845.059711436,"2 crossings"
"LP3 a=1.6 b=0.45","inv Huber k=4 p^6",1.5079540345507,0.47284200156014,6.32542691331956,-0.0131173788186937,0.92614645876924,38.3526225655145,143.444275519033,858.738033524467,7336.41332521829,61206.3670105755,"2 crossings"
"LP3 a=1.6 b=0.45","inv Huber k=16 p^6",1.5032177821264,0.47353756363994,6.58915127966841,-0.0103780041326484,0.934044480647887,29.4725448225961,98.5303607436425,528.76541713544,4387.90581890152,38651.7353757363,"2 crossings"
"LP3 a=1.6 b=0.45","MWLE p^2",1.48363430901158,0.478289260783057,10.4339338533607,-0.00124010531057107,0.995247640100983,9.67564950381468,15.1012378548049,29.2073218034238,70.4045097849851,195.246366461942,"2 crossings"
"LP3 a=1.6 b=0.45","MWLE p^6",1.48533650729233,0.478076999052826,10.0804853355328,-0.00213231580069623,0.993355559539246,17.0107844202449,27.6826701394007,55.1159620965216,134.305894022583,368.546224533995,"2 crossings"
"LP3 a=1.6 b=0.45","extremile rmax=20",1.48918789863564,0.476427614405873,8.23285439731902,-0.00306994937384916,0.983090211281459,14.6419694750806,31.0567785911635,90.6711656601758,382.183039748721,2136.11788149236,"2 crossings"
"LP3 a=1.6 b=0.45","extremile rmax=50",1.49300344800661,0.475667351633144,7.67914146684041,-0.00500294984478897,0.979326540332414,21.506594288052,51.3445109697459,162.169875867021,700.12991670198,3878.31744808057,"2 crossings"
"LP3 a=1.6 b=0.45","extremile rmax=200",1.50288315260906,0.474073418577668,6.81754914848832,-0.0104679988117867,0.972384303354785,43.2741182958354,125.057716040794,444.135355019034,1980.13515647398,10783.5169277099,"2 crossings"
